"Union Square",40.735958,-73.99027
"Penn Station",40.749988,-73.992201
"Columbia University",40.809018,-73.96127
"Washington Square Park",40.730885,-73.997641
"Central Park",40.773457,-73.972793
"Park Slope",40.6669025988096,-73.98167610168457
"Times Square",40.756587,-73.986118
Times Square station,40.756587,-73.986118
"Fordham University, Rose Hill",40.861602,-73.885567
"Grand Central",40.752751,-73.977277
"Port Authority",40.756376,-73.99086
"Astoria",40.772124376373135,-73.93030643463135
"Astor Place",40.72977,-73.991
"Williamsburg",40.711060702048904,-73.96352291107178
"JFK",40.644959106244755,-73.78623962402344
"The Met",40.77916032794149,-73.96307229995728
"34th & 7th",40.75097,-73.99063
"Rockefeller Center",40.7588954203221,-73.9790153503418
"Brooklyn Heights",40.69140956667794,-73.99339199066162
"St. Marks Place",40.72813686316017,-73.98654699325562
"MoMA",40.76141465055142,-73.97721290588379
"LaGuardia",40.77820166245536,-73.8746452331543
"Carroll Gardens",40.681419101865785,-73.99935722351074
"2nd Avenue station",40.72358364851732,-73.99077415466309
"Whole Foods, Union Square",40.73574654072402,-73.99184703826904
"Tompkins Square Park",40.72641318283085,-73.98167610168457
"Staten Island Ferry",40.6669025988096,-74.04107093811035
"Madison Square Garden",40.75018302371518,-73.99199724197388
"Fordham University, Lincoln Center",40.77074309746061,-73.98472309112549
Madison Square Garden,40.75018302371518,-73.99199724197388
"8th & Broadway",40.73058,-73.99241
"86th & Lexington",40.77949,-73.95559
"42nd & 8th",40.75721,-73.9898
"West 4th Street station",40.7320231106533,-74.00070905685425
"34th & 8th",40.75218,-73.99348
"Lincoln Center",40.772465629092785,-73.98356437683105
"45th & Broadway",40.75798,-73.98561
"Museum of Natural History",40.781093865387405,-73.97326469421387
"Empire State Building",40.748850056378274,-73.98650407791138
"Columbus Circle",40.76848,-73.98187
"14th & Broadway",40.73478,-73.99074
"14th & 6th",40.73735,-73.99685
"14th & 3rd",40.73328,-73.98719
"116th & Broadway",40.80797,-73.96383
"The Strand",40.73321007823572,-73.99113893508911
"Stuyvesant High School, Chambers Street",40.71782663841088,-74.01431322097778
"Rockefeller Plaza",40.75907,-73.97849
"Bryant Park",40.75382416414897,-73.98367166519165
"Broadway & Waverly",40.72957,-73.99325
"42nd & 5th",40.75346,-73.9809
"AMC Empire 25, West 42nd Street",40.75683120568008,-73.98950815200806
"33rd & 8th",40.75151,-73.99395
"23rd & 6th",40.74287,-73.99278
"111th & Broadway",40.80485,-73.96635
"110th & Broadway",40.80419,-73.96682
"Yankee Stadium",40.8269947772609,-73.92786026000977
"Whole Foods, Columbus Circle",40.76828922528404,-73.98277044296265
"Virgin, Union Square",40.73460839643972,-73.99083852767944
"Union Square Regal Cinemas",40.73447832156747,-73.99081707000732
"Starbucks, Astor Place",40.7304783951045,-73.99111747741699
"100th & Broadway",40.79716,-73.96983
"Union Square East",40.7352,-73.99011
"Houston & A",40.72229,-73.98627
"Canal & Broadway",40.71938,-74.00189
"Broadway & Fulton",40.71088,-74.00907
"57th & 5th",40.76295,-73.97399
"51st & 9th",40.7641,-73.98851
"51st & 6th",40.7605,-73.97999
"4th & Broadway",40.7284,-73.99426
"42nd & Broadway",40.7558,-73.98643
"3rd Avenue & 11th Street",40.73131,-73.98862
"3rd Avenue & 10th Street",40.73072,-73.98905
"34th & Broadway",40.74986,-73.98797
"20th & Park",40.73828,-73.98767
"1st Avenue & 9th Street",40.72819,-73.9849
"18th & 8th",40.74224,-74.00071
"14th & 4th",40.73442,-73.98991
"10th & Broadway",40.73173,-73.99146
"Tisch School of the Arts, Broadway & Waverly",40.72957,-73.99325
"Office, 45th & 5th",40.7554,-73.97949
"Houston & 1st",40.72296,-73.98852
"91st & Columbus",40.78965,-73.96986
"8th & University",40.73158,-73.99477
"72nd & Columbus",40.77739,-73.9788
"72nd & Broadway",40.77877,-73.98207
"5th Avenue & 10th Street",40.73342,-73.9955
"59th & Lexington",40.7622,-73.96818
"57th & 6th",40.7643,-73.97721
"53rd & Lexington",40.75836,-73.971
"50th & 6th",40.75989,-73.98044
"46th & 8th",40.75978,-73.98795
"42nd & 7th",40.75602,-73.98697
"2nd & 2nd",40.74667,-73.97449
"29th & 7th",40.74785,-73.99293
"27th & 7th",40.7466,-73.99383
"23rd & Park",40.74014,-73.9863
"23rd & 5th",40.74152,-73.98959
"14th & B",40.72942,-73.97802
"14th & 7th",40.73855,-73.9997
"13th & 5th",40.73531,-73.99413
"125th & Lexington",40.80437,-73.93744
"11th Street & 3rd Avenue",40.73131,-73.98862
"112th & Broadway",40.8054,-73.96569
"West 4th Street & 6th Avenue",40.73169,-74.00097
"Waverly & Mercer",40.72996,-73.99407
"Washington Square West",40.73118,-73.99942
"Washington Square South & LaGuardia",40.72994,-73.99737
"University & Waverly",40.7307,-73.99556
"The Gap, 18th & 5th",40.73848,-73.99179
"St. Marks & 3rd",40.72954,-73.98991
"Office, 28th & 5th",40.74467,-73.9873
"Mott & Spring",40.72161,-73.99547
"Houston & Broadway",40.72533,-73.99681
"Fulton & Nassau",40.71022,-74.00775
"Fulton & Broadway",40.71088,-74.00907
"Elevator, 37th & 8th",40.75408,-73.99212
"Canal & Mulberry",40.71715,-73.99857
"Broadway & Spring",40.723,-73.99881
"Broadway & Prince",40.7242,-73.99775
"Broadway & Bleecker",40.72652,-73.99585
"Bowery & 3rd",40.72635,-73.99174
"Bleecker & Sullivan",40.72878,-74.00044
"97th & Broadway",40.79528,-73.97121
"96th & Lexington",40.78585,-73.95094
"96th & Broadway",40.79459,-73.97169
"92nd & Broadway",40.79204,-73.97356
"8th & B",40.72568,-73.98078
"86th & 2nd",40.77787,-73.95175
"85th & Amsterdam",40.787,-73.97552
"84th & 2nd",40.77655,-73.95271
"81st & Amsterdam",40.78446,-73.9774
"80th & Amsterdam",40.78382,-73.97784
"7th & A",40.72605,-73.98353
"77th & Lexington",40.77363,-73.95987
"68th & Lexington",40.76785,-73.96407
"60th & Columbus",40.76982,-73.98433
"59th & 5th",40.76427,-73.97303
"56th & 5th",40.76229,-73.97447
"54th & 6th",40.76238,-73.9786
"54th & 5th",40.76103,-73.97538
"52nd & 6th",40.76113,-73.97953
"52nd & 5th",40.75979,-73.9763
"51st & Broadway",40.76207,-73.98367
"50th & 9th",40.76348,-73.98899
"50th & 8th",40.76228,-73.98614
"4th & A",40.72425,-73.98484
"47th & Broadway",40.7594,-73.9851
"47th & 5th",40.75664,-73.97858
"44th & 9th",40.75973,-73.99169
"43rd & 8th",40.75791,-73.98931
"43rd & 7th",40.75671,-73.98648
"42nd between 7th & 8th",40.756615,-73.988385
"40th & 5th",40.75219,-73.98182
"38th between 5th & 6th",40.751615,-73.984325
"35th & 8th",40.75285,-73.99299
"33rd & Park",40.74644,-73.98192
"33rd & 7th",40.75031,-73.99111
"32nd & 7th",40.7497,-73.99156
"26th & Park",40.74204,-73.98494
"26th & 7th",40.74599,-73.99426
"25th & Lexington",40.74077,-73.98382
"25th & 3rd",40.74011,-73.98223
"23rd & Lexington",40.73949,-73.98476
"21st & 3rd",40.73753,-73.98409
"1st Avenue & 6th Street",40.72641,-73.9862
"19th & Park",40.73775,-73.98823
"19th & 5th",40.73907,-73.99137
"15th & 3rd",40.73397,-73.98669
"14th & University",40.73518,-73.99169
"13th & 6th",40.73666,-73.99734
"12th & 5th",40.73467,-73.99459
"114th & Broadway",40.80665,-73.96479
"West Broadway & Prince",40.72577,-74.00091
"West 3rd Street & 6th Avenue",40.73105,-74.00142
"Waverly & University",40.7307,-73.99556
"Water & Fulton",40.70726,-74.00399
"Washington Square South",40.73029,-73.99809
"Washington Place & 6th",40.73231,-74.00052
"University & 8th",40.73158,-73.99477
"University & 12th",40.73391,-73.99281
"University & 10th",40.73272,-73.99382
"Thompson & Bleecker",40.72841,-73.99967
"Suffolk & Rivington",40.71933,-73.98589
"Starbucks, West 4th Street & Washington Square East",40.72957,-73.99659
"Starbucks, 95th & Broadway",40.79392,-73.97218
"Starbucks, 6th & Waverly",40.73292,-74.00008
"Starbucks, 54th & Broadway",40.76402,-73.98247
"Starbucks, 17th & Broadway",40.7371,-73.99035
"St. Marks & 1st",40.7276,-73.98533
"Spring & Mercer",40.72341,-73.99965
"Spring & Lafayette",40.72229,-73.99713
"Sephora, Broadway between 43rd & 44th",40.756915,-73.98601
"Saint Marks Place",40.72858,-73.98769
"Prince & Sullivan",40.72648,-74.00235
"Office, Madison & 47th",40.75598,-73.97698
"Office, 84th & 3rd",40.77748,-73.95495
"Office, 53rd & 7th",40.76296,-73.98193
"Office, 51st & 6th",40.7605,-73.97999
"Office, 50th & 6th",40.75989,-73.98044
"Office, 48th & 6th",40.75864,-73.98135
"Office, 40th & 3rd",40.74948,-73.97539
"Office, 29th & 7th",40.74785,-73.99293
"Mercer & Waverly",40.72996,-73.99407
"Mercer & Bleecker",40.72691,-73.99667
"Macdougal & West 3rd",40.73043,-74.00012
"Lyric Diner, 22nd & 3rd",40.73815,-73.98366
"Lafayette & 4th",40.72784,-73.99312
"Key Food, 4th & A",40.72425,-73.98484
"Hunter West Building, 68th & Lexington",40.76785,-73.96407
"Houston & Varick",40.72859,-74.00532
"Houston & Suffolk",40.72165,-73.98471
"Fulton & Gold",40.70909,-74.00551
"Filene's Basement, 79th & Broadway",40.7838,-73.97989
"Essex & Rivington",40.71982,-73.98753
"Essex & Houston",40.72216,-73.98634
"Duane Reade, 7th Street & 6th Avenue",40.69922,-73.97326
"Duane Reade, 34th & 8th",40.75218,-73.99348
"D'Agostino, 110th & Broadway",40.80419,-73.96682
"Christopher & Gay",40.73396,-74.00034
"Christopher & Bleecker",40.73339,-74.0043
"Chambers & Church",40.71491,-74.00795
"Central Park South",40.76457,-73.97364
"Broadway between Grand & Howard",40.720375000000004,-74.001045
"Broadway & Grand",40.72082,-74.00067
"Broadway & 116th",40.80797,-73.96383
"Bowery & 2nd",40.72561,-73.99201
"Bloomingdale's, 59th & 3rd",40.76153,-73.96658
"Bleecker & Perry",40.73529,-74.00494
"Bleecker & Mercer",40.72691,-73.99667
"Bleecker & Macdougal",40.72915,-74.0012
"Bleecker & Christopher",40.73339,-74.0043
"Bleecker & Broadway",40.72652,-73.99585
"Bleecker & Bowery",40.72525,-73.99229
"Bleecker & 11th",40.73596,-74.00514
"Beacon Theatre, 74th & Broadway",40.78023,-73.98143
"Barnes & Noble, 17th & 5th",40.73789,-73.99222
"9th Street & 1st Avenue",40.72819,-73.9849
"9th & A",40.72725,-73.98266
"98th & Broadway",40.7959,-73.97076
"94th & Broadway",40.79338,-73.97284
"8th Street & 6th Avenue",40.73362,-73.99955
"8th St & 6th Ave",40.73362,-73.99955
"87th & 2nd",40.77854,-73.95125
"86th & Broadway",40.78826,-73.97642
"86th & 3rd",40.77881,-73.95398
"85th & 2nd",40.77717,-73.95225
"84th & 3rd",40.77748,-73.95495
"82nd & Columbus",40.78391,-73.97409
"82nd & Broadway",40.78576,-73.97846
"80th & 2nd",40.77402,-73.95456
"7th Street & 2nd Avenue",40.72797,-73.98813
"7th & Bleecker",40.73229,-74.00358
"7th & B",40.72506,-73.98121
"79th & York",40.77138,-73.95042
"79th & Broadway",40.7838,-73.97989
"77th between 2nd & 3rd",40.772485,-73.95713
"77th & 1st",40.77102,-73.95363
"76th & Broadway",40.78179,-73.98117
"75th & Columbus",40.77935,-73.97737
"73rd & Columbus",40.77809,-73.97832
"70th & Broadway",40.77705,-73.98202
"6th Street & 2nd Avenue",40.72739,-73.98855
"6th Avenue & West 3rd Street",40.73105,-74.00142
"6th Avenue & 8th Street",40.73362,-73.99955
"6th & C",40.72349,-73.97928
"6th & B",40.72448,-73.98162
"6th & A",40.72545,-73.98397
"67th & Columbus",40.77421,-73.98114
"66th & Broadway",40.77392,-73.98235
"60th & Broadway",40.76893,-73.98224
"5th Avenue & 9th Street",40.73284,-73.99592
"58th between 8th & 9th",40.76798,-73.983795
"58th & Lexington",40.76158,-73.96863
"58th & 9th",40.76858,-73.98524
"57th & Broadway",40.76626,-73.98187
"57th & 9th",40.7679,-73.98573
"56th & 7th",40.76485,-73.98055
"56th & 6th",40.76363,-73.97769
"55th between 5th & 6th",40.76232,-73.976535
"55th & 9th",40.76658,-73.98668
"54th between 6th & 7th",40.762985,-73.980035
"53rd & 9th",40.76536,-73.98758
"53rd & 8th",40.76416,-73.98476
"53rd & 7th",40.76296,-73.98193
"53rd & 6th",40.76174,-73.97907
"53rd & 5th",40.7604,-73.97585
"51st & Lexington",40.75711,-73.97191
"51st & 7th",40.7617,-73.98283
"50th & 5th",40.75853,-73.97723
"4th & Bowery",40.7271,-73.99162
"49th & Madison",40.75722,-73.97606
"49th & Broadway",40.76079,-73.98448
"49th & 8th",40.76166,-73.9866
"49th & 7th",40.76046,-73.98374
"49th & 6th",40.75925,-73.98089
"49th & 5th",40.7579,-73.97768
"47th & 3rd",40.75393,-73.97213
"46th & Broadway",40.75869,-73.98534
"46th & 7th",40.75857,-73.98509
"45th & Lexington",40.75335,-73.97466
"45th & 8th",40.75915,-73.98841
"45th & 6th",40.75675,-73.98273
"45th & 5th",40.7554,-73.97949
"44th & Broadway",40.75725,-73.98584
"44th & 8th",40.75852,-73.98887
"44th & 6th",40.75613,-73.98318
"43rd & Broadway",40.75658,-73.98618
"42nd & Park",40.75207,-73.97758
"42nd & Madison",40.7528,-73.97932
"42nd & 6th",40.75482,-73.98412
"41st & Broadway",40.75501,-73.98667
"41st & 6th",40.75416,-73.98461
"40th & 8th",40.75594,-73.99076
"40th & 3rd",40.74948,-73.97539
"3rd between A & B",40.723145,-73.98412
"3rd between 13th & 14th",40.73294,-73.98743999999999
"39th & 5th",40.75155,-73.98226
"39th & 3rd",40.74885,-73.97584
"37th & Broadway",40.75214,-73.98751
"37th & 7th",40.75288,-73.98927
"36th & 7th",40.75227,-73.9897
"34th between 7th & 8th",40.751575,-73.992055
"34th & Park",40.7471,-73.98142
"33rd & 6th",40.74912,-73.98827
"32nd & 2nd",40.74349,-73.97682
"31st & 7th",40.74908,-73.99202
"30th & Park",40.74457,-73.98324
"30th & 7th",40.74847,-73.99248
"2nd Avenue & 7th Street",40.72797,-73.98813
"2nd Avenue & 11th Street",40.73037,-73.98637
"2nd & Houston",40.72372,-73.99101
"2nd & A",40.72299,-73.98576
"28th & Park",40.74327,-73.98401
"28th & 7th",40.74724,-73.99337
"27th & 8th",40.74778,-73.99669
"27th & 6th",40.74541,-73.99098
"27th & 3rd",40.74134,-73.98132
"27th & 10th",40.7502,-74.00235
"26th & 8th",40.7472,-73.99711
"26th & 2nd",40.73977,-73.97952
"24th & 7th",40.74475,-73.99517
"23rd & 8th",40.74528,-73.9985
"23rd & 3rd",40.73883,-73.98316
"22nd & Broadway",40.74057,-73.98942
"22nd & 7th",40.74342,-73.99614
"22nd & 6th",40.7422,-73.99328
"21st & 6th",40.74159,-73.99374
"20th & 6th",40.74101,-73.99417
"1st Avenue between 3rd & 4th",40.72488,-73.987275
"1st Avenue & 12th Street",40.73001,-73.98356
"1st Avenue & 10th Street",40.72877,-73.98445
"1st & 1st",40.7276,-73.98533
"19th & 8th",40.74282,-74.00029
"18th & Park",40.73719,-73.98869
"18th & 5th",40.73848,-73.99179
"17th & Broadway",40.7371,-73.99035
"17th & 8th",40.74165,-74.00114
"16th & 3rd",40.73461,-73.98623
"168th & Broadway",40.8411,-73.93987
"15th & 8th",40.74043,-74.00202
"15th & 5th",40.73667,-73.99312
"14th between 6th & 7th",40.73795,-73.998275
"14th between 2nd & 3rd",40.732805,-73.98606000000001
"14th between 1st & 2nd",40.73184,-73.98376
"14th & A",40.73041,-73.98036
"14th & 5th",40.73599,-73.99362
"14th & 2nd",40.73233,-73.98493
"14th & 1st",40.73135,-73.98259
"143rd & Broadway",40.82508,-73.95129
"13th & Broadway",40.73397,-73.99095
"13th & A",40.72971,-73.98086
"13th & 3rd",40.7326,-73.98769
"135th & Broadway",40.82006,-73.95501
"12th Street & 7th Avenue",40.73721,-74.00064
"12th & University",40.73391,-73.99281
"11th & University",40.7333,-73.99334
"11th & B",40.72746,-73.97947
"116th & Lexington",40.7986,-73.9416
"115th & Broadway",40.80736,-73.96451
"113th & Broadway",40.80611,-73.96544
"112th & Frederick Douglass",40.80184,-73.95726
"10th & University",40.73272,-73.99382
"10th & B",40.72685,-73.9799
"10th & A",40.72783,-73.98223
"108th & Broadway",40.80288,-73.96751
"107th & Broadway",40.80215,-73.96769
"106th & West End",40.80162,-73.96857
"106th & Broadway",40.80129,-73.96778
"105th & Broadway",40.80046,-73.9679
"xl, 16th & 9th",40.74225,-74.00444
"outside urology clinic, 9th & University",40.73215,-73.99429
"outside Starbucks, 54th & Broadway",40.76402,-73.98247
"art opening, Kent & Metropolitan, Williamsburg",40.71238,-73.96783
"alt.coffee, 9th & A",40.72725,-73.98266
"Zeytuna, William & Maiden Lane",40.70796,-74.008
"Zabar's, 80th & Broadway",40.78449,-73.97939
"Wooster & Broome",40.72291,-74.00217
"Whitehall & State",40.70242,-74.01288
"West End, 114th & Broadway",40.80665,-73.96479
"West End bar, 114th and broadway",40.80665,-73.96479
"West Broadway between Thomas & Duane",40.71684,-74.00816
"West Broadway between Duane & Reade",40.71629,-74.008585
"West Broadway & Houston",40.72688,-73.99996
"West 66th between Amsterdam & West End",40.775405000000006,-73.985825
"West 4th between Perry & Charles",40.735195,-74.003255
"West 4th & Washington Square East",40.72957,-73.99659
"West 4th & Greene",40.72917,-73.99581
"West 3rd and Sullivan",40.73005,-73.99936
"West 3rd & Mercer",40.72817,-73.9956
"West 3rd & Macdougal",40.73043,-74.00012
"West 3rd & LaGuardia",40.72931,-73.99787
"West 3rd & 6th",40.73105,-74.00142
"Wendy's, Broadway & Bleecker",40.72652,-73.99585
"Wendy's, 56th & 8th",40.76603,-73.98337
"Wendy's, 55th & 8th",40.76541,-73.98383
"Waverly & Broadway",40.72957,-73.99325
"Waverly & 6th",40.73292,-74.00008
"Waverly & 10th",40.73448,-74.0014
"Water St",40.70453,-74.00834
"Water & Wall",40.70527,-74.00725
"Water & Pine",40.70564,-74.00674
"Washington Square South & Thompson",40.73029,-73.99809
"Washington Square South & Macdougal",40.73103,-73.99958
"Washington Square & West 4th",40.72957,-73.99659
"Washington Place & Mercer",40.72939,-73.99456
"Washington Mutual, St. Marks & 2nd",40.72858,-73.98769
"Washington & West 11th",40.7355,-74.00838
"Washington & Little West 12th",40.74028,-74.00796
"Washington & 5th",40.73184,-73.99664
"Wascomat, 28th & 2nd",40.74101,-73.97863
"Wall between Pearl & Hanover",40.705749999999995,-74.008325
"Wall Street",40.70536,-74.00763
"Wall & Water",40.70527,-74.00725
"W 8th & Broadway",40.76766,-73.98214
"W 65th St",40.77403,-73.98465
"W 10th & Greenwich",40.73358,-74.00735
"Von, Bleecker & Elizabeth",40.72544,-73.99303
"Vintage New York, 93rd & Broadway",40.79268,-73.97312
"Village Copier, 111th & Broadway",40.80485,-73.96635
"View Bar, 22nd & 8th",40.74462,-73.99899
"Vernon & 50th, Long Island City",40.74149,-73.95456
"Verizon, 73rd & 3rd",40.77043,-73.9601
"Verb Cafe, Bedford & N 7th, Williamsburg",40.71109,-73.96345
"Veniero's, 11th St & 1st Ave",40.72938,-73.98402
"Varick & Spring",40.72565,-74.00579
"Varick & King",40.72786,-74.00543
"Vanderbilt & 42nd",40.75241,-73.97838
"Urban Outfitters, 72nd & Broadway",40.77877,-73.98207
"Urban Outfitters, 14th & 6th",40.73735,-73.99685
"University between Waverly & 8th",40.731139999999996,-73.995165
"University Place Gourmet, 13th and University",40.73272,-73.99382
"University & 11th",40.7333,-73.99334
"Union Square West",40.73676,-73.99058
"Union Square W & 15th",40.73587,-73.99121
"Union Square Stadium 14, Broadway & 13th",40.73397,-73.99095
"Trump Tower elevator, 56th & 5th",40.76229,-73.97447
" ",40.714167,-74.006389
"Town Shop, 82nd & Broadway",40.78576,-73.97846
"Tony's Di Napoli, 84th & 2nd",40.77655,-73.95271
"Thompson between Prince & Spring",40.725485,-74.002105
"Thompson & Houston",40.72734,-74.00059
"Therapy, 52nd & 9th",40.76473,-73.98805
"The Puma Store, Broadway & Spring",40.723,-73.99881
"The Gap, 86th & Broadway",40.78826,-73.97642
"The Gap, 34th & Broadway",40.74986,-73.98797
"The Gap, 34th & 6th",40.74978,-73.9878
"The Bag House, 12th & Broadway",40.7332,-73.99113
"Tens, 21st & Park Ave South",40.73886,-73.98726
"T Salon Emporium, 20th & Broadway",40.73915,-73.98975
"Sutton Place, 53rd & 2nd",40.75674,-73.96717
"Sunglass Hut, Spring & W Broadway",40.723,-73.99881
"Subway, 57th & Lexington",40.76091,-73.96914
"Subway, 44th & 2nd",40.75111,-73.97125
"Stuyvesant & 3rd",40.72986,-73.98968
"Strand, 12th & Broadway",40.7332,-73.99113
"State Street Plaza",40.70237,-74.01341
"Starbucks, Delancey & Allen",40.71924,-73.99025
"Starbucks, Crosby & Spring",40.72263,-73.99797
"Starbucks, 94th & Broadway",40.79338,-73.97284
"Starbucks, 8th Avenue & 15th Street",40.74043,-74.00202
"Starbucks, 60th & Broadway",40.76893,-73.98224
"Starbucks, 57th & Lexington",40.76091,-73.96914
"Starbucks, 53rd & Park",40.75902,-73.97254
"Starbucks, 51st & Broadway",40.76207,-73.98367
"Starbucks, 49th & 8th",40.76166,-73.9866
"Starbucks, 48th & Lexington",40.75523,-73.97328
"Starbucks, 47th & 5th",40.75664,-73.97858
"Starbucks, 47th & 3rd",40.75393,-73.97213
"Starbucks, 45th & Lexington",40.75335,-73.97466
"Starbucks, 44th & Broadway",40.75725,-73.98584
"Starbucks, 42nd & Broadway",40.7558,-73.98643
"Starbucks, 42nd & 8th",40.75721,-73.9898
"Starbucks, 41st & Madison",40.75213,-73.97979
"Starbucks, 41st & Broadway",40.75501,-73.98667
"Starbucks, 29th & Broadway",40.74603,-73.98859
"Starbucks, 22nd & 6th",40.7422,-73.99328
"Starbucks, 21st & 7th",40.74279,-73.9966
"Starbucks, 17th & Union Square W",40.73656,-73.98906
"Starbucks, 14th & 6th",40.73735,-73.99685
"Starbucks, 14th & 4th",40.73442,-73.98991
"Starbucks, 114th & Broadway",40.80665,-73.96479
"Starbucks, 111th & Broadway",40.80485,-73.96635
"Starbuck, West 4th Street & Washington Square East",40.72957,-73.99659
"Stanton & Orchard",40.72144,-73.98852
"Stanton & Ludlow",40.72122,-73.98777
"St. Marks between 2nd & 3rd",40.729060000000004,-73.9888
"St. Marks & 2nd",40.72858,-73.98769
"St Marks & 2nd",40.72858,-73.98769
"Spruce & Gold",40.7103,-74.00404
"Spring between Broadway & Crosby",40.722815,-73.99839
"Spring & Wooster",40.72415,-74.00113
"Spring & W. Broadway",40.723,-73.99881
"Spring & Varick",40.72565,-74.00579
"Spring & Thompson",40.72486,-74.00261
"Spring & Greenwich",40.72598,-74.00911
"Spring & Bowery",40.72091,-73.99372
"Speedy Deli, 32nd & Broadway",40.74828,-73.98819
" ",40.714167,-74.006389
"Smith & 9th Streets station",40.67473,-73.99777
"Smith & 9th Street station, Brooklyn",40.67473,-73.99777
"Smith &  Wyckoff, Cobble Hill",40.68609,-73.99089
"Silk Road Palace, 81st & Amsterdam",40.78446,-73.9774
"Shimizu, W 51st & 8th Ave",40.76291,-73.98568
"Shakespeare & Co., 69th & Lexington",40.76847,-73.96362
"Sephora, Spring & Broadway",40.723,-73.99881
"Sal's, 7th & A",40.72605,-73.98353
"Rivington & Orchard",40.7203,-73.98911
"Rivington & Norfolk",40.71958,-73.98675
"Rivington & Essex",40.71982,-73.98753
"Rite Aid, 110th and Broadway",40.80419,-73.96682
"Rite Aid, 110th & Broadway",40.80419,-73.96682
"Ricky's, 22nd & 3rd",40.73815,-73.98366
"Rector & Greenwich",40.70798,-74.0136
"Reade & Church",40.71542,-74.00755
"Ray's Pizza, 8th & 51st",40.76291,-73.98568
"Ray Bari, 56th & 3rd",40.75957,-73.968
"Random House cafeteria, 56th & Broadway",40.76546,-73.98202
"Queens Blvd & 59th St, Queens",40.76058,-73.96436
"Puebla Mexican Food & Coffee Shop, 1st Ave between 2nd & 3rd",40.724255,-73.98773499999999
"Prince & Wooster",40.72537,-74.0001
"Prince & Mercer",40.72459,-73.99854
"Prince & Elizabeth",40.72271,-73.99416
"Prince & Broadway",40.7242,-73.99775
"Precious Nails, 94th & 3rd",40.78387,-73.9503
"Post Office, 4th Avenue & 11th Street",40.73196,-73.99022
"Post Office, 38th & 7th",40.75351,-73.98881
"Post Office, 34th & Lexington",40.74639,-73.97972
"Post Office, 11th Street & 3rd Avenue",40.73131,-73.98862
"Popeye's, 116th & Lenox",40.80196,-73.94962
"Pitt & Rivington",40.71829,-73.98246
"Petland Discounts, 104th & Broadway",40.79972,-73.96812
"Perry & West 4th",40.73551,-74.00334
"Pearl Street & Peck Slip",40.70367,-74.01063
"Pearl & Beekman",40.70808,-74.00343
"Pazza Note, 56th & 6th",40.76363,-73.97769
"Payless, 225th & Broadway",40.8746,-73.90969
"Party, Pearl Street & Peck Slip",40.70367,-74.01063
"Party, 74th & 1st",40.76912,-73.95503
"Parking garage, 53rd & 5th",40.7604,-73.97585
"Park Place & Church",40.71326,-74.00926
"Park Avenue",40.76921,-73.96535
"Park Ave. South & 21st",40.73886,-73.98726
"Park Ave S & E 25th",40.74143,-73.98538
"Park Ave",40.76921,-73.96535
"Paragon Sports, 18th & Broadway",40.73779,-73.99013
"Paragon Sporting Goods, 17th & Broadway",40.7371,-73.99035
"Papaya King, 86th & 3rd",40.77881,-73.95398
"PJ Liquor Warehouse, 207th & Broadway",40.86774,-73.92119
"Outside Welcome to the Johnsons, Rivington & Norfolk",40.71958,-73.98675
"Outside Kenneth Cole, 5th & 17th",40.73789,-73.99222
"Orchard between Houston & Stanton",40.722035000000005,-73.988215
"Orchard & Stanton",40.72144,-73.98852
"Orchard & Houston",40.72263,-73.98791
"Orchard & Broome",40.71813,-73.99024
"Ollie's, 84th & Broadway",40.78701,-73.97749
"Ollie's, 44th & Broadway",40.75725,-73.98584
"Olive & Bette's, W Broadway & Spring",40.72454,-74.00193
"Old Slip & Water",40.70402,-74.00888
"Office, Wall & William",40.70638,-74.00952
"Office, John & Pearl",40.70742,-74.00537
"Office, Hudson & King",40.72803,-74.0072
"Office, Hudson & Houston",40.72876,-74.00709
"Office, Greenwich & Beach",40.72074,-74.01002
"Office, Broadway & Houston",40.72533,-73.99681
"Office, Broadway & 52nd",40.76271,-73.98326
"Office, 71st & Park",40.77048,-73.96443
"Office, 66th & York",40.76302,-73.95652
"Office, 66th & Columbus",40.77359,-73.9816
"Office, 58th & Broadway",40.76712,-73.98173
"Office, 55th & Park",40.76026,-73.97162
"Office, 53rd & Lexington",40.75836,-73.971
"Office, 53rd & Broadway",40.76336,-73.98287
"Office, 51st & Park",40.75778,-73.97346
"Office, 51st & 5th",40.75915,-73.97677
"Office, 49th & Madison",40.75722,-73.97606
"Office, 46th & Madison",40.75536,-73.97745
"Office, 45th & Madison",40.75473,-73.9779
"Office, 45th & 3rd",40.75268,-73.97305
"Office, 44th & Broadway",40.75725,-73.98584
"Office, 42nd & Lexington",40.75142,-73.97605
"Office, 42nd & 3rd",40.75075,-73.97446
"Office, 40th & 5th",40.75219,-73.98182
"Office, 39th between 8th & 9th",40.75592,-73.99262999999999
"Office, 39th & 7th",40.75412,-73.98836
"Office, 37th & Broadway",40.75214,-73.98751
"Office, 34th & Lexington",40.74639,-73.97972
"Office, 30th & Park",40.74457,-73.98324
"Office, 29th & Madison",40.74461,-73.98525
"Office, 28th & Park",40.74327,-73.98401
"Office, 23rd & Park",40.74014,-73.9863
"Office, 22nd & 5th",40.74086,-73.99008
"Office ladies' room, 39th & 7th",40.75412,-73.98836
"Office building, Madison & 47th",40.75598,-73.97698
"North Moore & Varick",40.71977,-74.0068
"Newsstand, St. Marks, & 3rd",40.72954,-73.98991
"New School elevator, 13th & 5th",40.73531,-73.99413
"New School elevator, 12th Street & 3rd Avenue",40.73195,-73.98816
"New School University, 13th & 5th",40.73531,-73.99413
"Nails & More, Broadway between 98th & 99th",40.796215000000004,-73.97052500000001
"Nacho's Kitchen, 112th & Broadway",40.8054,-73.96569
"NYU, University & 8th",40.73158,-73.99477
"NYU Medical Center, 30th & 1st",40.74127,-73.97536
"NYSC, Madison & 36th",40.74906,-73.98202
"NYSC, 62nd & Broadway",40.7706,-73.98227
"NYSC, 48th & 6th",40.75864,-73.98135
"NYSC, 38th & Broadway",40.75287,-73.98731
"Murray's Bagels, 6th Avenue & 13th Street",40.73666,-73.99734
"Murray & West Broadway",40.71305,-74.00724
"Mulberry between Grand & Hester",40.718734999999995,-73.99763
"Mulberry St",40.71577,-73.99942
"Mulberry & Prince",40.72335,-73.99571
"Mulberry & Hester",40.71816,-73.99794
"Mulberry & Grand",40.71931,-73.99732
"Mott & Bayard",40.71563,-73.99852
"Morton between Greenwich & Hudson",40.730999999999995,-74.00737000000001
"Moeshe's Falafal,  46th & 6th",40.75738,-73.98227
"Midtown Comics, 40th & 7th.",40.75474,-73.9879
"Michael's Restaurant,  Broadway & 34th St, Astoria",40.74986,-73.98797
"Merrill Lynch lobby, Broadway & Park Row",40.81179,-73.96104
"Mercer & West 4th",40.7288,-73.99506
"Mercer & West 3rd",40.72817,-73.9956
"McDonalds, St. Marks & 3rd",40.72954,-73.98991
"McDonalds, 71st & Broadway",40.77786,-73.98199
"McDonalds, 51st & Broadway",40.76207,-73.98367
"McDonalds, 50th & Broadway",40.76144,-73.98408
"McDonalds, 41st & 7th",40.75535,-73.98747
"McDonalds, 40th & 7th",40.75474,-73.9879
"McDonalds, 23rd & Madison",40.74087,-73.98803
"McDonald's, 42nd & 7th",40.75602,-73.98697
"Mary Ann's Restaurant, 2nd Avenue & 5th Street",40.72678,-73.98899
"Mars 2112 ladies' room, 51st & Broadway",40.76207,-73.98367
"Marie's Crisis piano bar, Grove & Bleeker",40.7329,-74.00398
"Manhattan Diner, 77th & Broadway",40.7825,-73.98093
"Mama's Pizza, 106th & Amsterdam",40.80042,-73.96573
"Maiden & Water",40.70615,-74.00602
"Madison between 63rd & 64th",40.766395,-73.96935500000001
"Madison between 60th & 61st",40.764515,-73.970725
"Madison between 55th & 56th",40.76128,-73.97306
"Madison between 52nd & 53rd",40.75942,-73.974445
"Madison between 39th & 40th",40.751185,-73.98046500000001
"Madison between 28th & 29th",40.744299999999996,-73.985475
"Madison & 91st",40.78403,-73.95651
"Madison & 50th",40.75784,-73.97559
"Madison & 42nd",40.7528,-73.97932
"Madison & 33rd",40.74708,-73.98345
"Madison & 26th",40.74275,-73.98659
"Macdougal between 3rd & Bleecker",40.729789999999994,-74.00066
"Macdougal Street",40.73043,-74.00012
"Macdougal & 8th",40.73292,-73.998
"MacDougal & Bleeker",40.72915,-74.0012
"MacDougal & Bleecker",40.72915,-74.0012
"M&T Deli, 23rd & 3rd",40.73883,-73.98316
"Lush Cosmetics, 34th & Broadway",40.74986,-73.98797
"Ludlow between Stanton & Rivington",40.720645000000005,-73.98807
"Ludlow St",40.71789,-73.98949
"Lobby, Sullivan between Prince & Spring",40.72586,-74.00286500000001
"Lobby, 69th between 1st & York",40.765375000000006,-73.956275
"Lobby, 45th & Madison",40.75473,-73.9779
"Lobby, 45th & 5th",40.7554,-73.97949
"Lobby, 26th between 11th & 12th",40.751235,-74.00673499999999
"Little West 12th Street",40.74028,-74.00796
"Lincoln Square Theater, 68th & Broadway",40.77552,-73.9823
"Lincoln Plaza Cinemas, 62nd & Broadway",40.7706,-73.98227
"Liberty & Nassau",40.70863,-74.00935
"Liberty & Broadway",40.70916,-74.01055
"Lexington between 84th & 85th",40.77848,-73.95632
"Lexington between 67th & 68th",40.767535,-73.96430000000001
"Lexington & 59th",40.7622,-73.96818
"Lexington & 51st",40.75711,-73.97191
"Lexington & 45th",40.75335,-73.97466
"Lexington & 43rd",40.75211,-73.97556
"Lexington & 22nd",40.73882,-73.98523
"Leonard between Broadway & Church",40.71728,-74.00490500000001
"Le Pain Quotidien, 58th & 7th",40.76621,-73.97958
"Le Monde, 112th & Broadway",40.8054,-73.96569
"Lagaurdia Place & Washington Square South",40.72994,-73.99737
"Lafayette & Spring",40.72229,-73.99713
"Lafayette & Houston",40.72513,-73.99526
"Lafayette & Great Jones",40.72726,-73.9936
"Lafayette & Bond",40.72661,-73.9941
"Korean grocery, 72nd & Broadway, Jackson Heights",40.77877,-73.98207
"Kim's Mediapolis, 114th & Broadway",40.80665,-73.96479
"Kevin St. James, 46th & 8th",40.75978,-73.98795
"Karma Bar, 3rd St & 1st Ave",40.72458,-73.98749
"KFC, West 4th Street & 6th Avenue",40.73169,-74.00097
"KFC, 34th & Broadway",40.74986,-73.98797
"KFC, 125th & 7th",40.80893,-73.94825
"Josephina, 63rd & Broadway",40.77142,-73.98229
"John & Water",40.70679,-74.00503
"John & Gold",40.70823,-74.00647
"John & Cliff",40.70791,-74.00596
"Joe's Pizza, Carmine & 6th Ave",40.73053,-74.00173
"""Jim Hanley's Universe"", 33rd & 5th",40.74777,-73.98505
"Jerome Green Hall, 116th & Amsterdam",40.80681,-73.96107
"Jennifer Convertibles, 27th & 3rd",40.74134,-73.98132
"Jane & 8th",40.73811,-74.00412
"JCC, 76th & Amsterdam",40.78118,-73.97975
"Isola, 83rd & Columbus",40.78454,-73.97361
"Irving Plaza",40.73587,-73.98739
"Irving Place & 15th",40.73464,-73.98829
"Indus Valley, 100th & Broadway",40.79716,-73.96983
"Il Violino, 68th & Columbus",40.77483,-73.98067
"Hunter College High School, 94th & Park",40.7852,-73.95339
"Hudson & West 11th",40.73584,-74.00595
"Hudson & Houston",40.72876,-74.00709
"Hudson & Front",40.70224,-73.98117
"Hudson & Charlton",40.72731,-74.00733
"Hudson & Charleton",40.72731,-74.00733
"Hudson & Bank",40.73653,-74.00584
"Houston & West Broadway",40.72533,-73.99681
"Houston & Thompson",40.72734,-74.00059
"Houston & Sullivan",40.7276,-74.00144
"Houston & Orchard",40.72263,-73.98791
"Houston & Mulberry",40.72501,-73.99486
"Houston & Mercer",40.72584,-73.99755
"Houston & Hudson",40.72876,-74.00709
"Houston & Essex",40.72216,-73.98634
"Houston & D",40.72,-73.97871
"Houston & Chrystie",40.72358,-73.99103
"Houston & B",40.72153,-73.98378
"Horatio & Eighth",40.73874,-74.00342
"Hi-Life, 83rd & Amsterdam",40.78572,-73.97644
"Henry's, 105th & Broadway",40.80046,-73.9679
"Henry Street & Love Lane, Brooklyn Heights",40.69588,-73.99377
"HSBC, 86th & 3rd",40.77881,-73.95398
"HSBC, 14th & 4th",40.73442,-73.98991
"H&M, Broadway & Prince",40.7242,-73.99775
"Guy & Gallard, 34th & Lexington",40.74639,-73.97972
"Grove & Bleecker",40.7329,-74.00398
"Grove & Bedford",40.73244,-74.00546
"Gristedes, 26th & 8th",40.7472,-73.99711
"Greenwich Ave & 12th St",40.73765,-74.00176
"Greenwich & West 12th",40.73754,-74.0065
"Greenwich & North Moore",40.7201,-74.01014
"Greenwich & Charles",40.73428,-74.00716
"Greene & Spring",40.72378,-74.00038
"Greene & Prince",40.72501,-73.99933
"Grand St & Graham Ave, Williamsburg",40.71073,-73.95625
"Grand & Lewis",40.71397,-73.97998
"Grand & Havemayer",40.71276,-73.95678
"Grand & Chrystie",40.71815,-73.99385
"Grand & Bushwick, Williamsburg",40.71073,-73.95625
"Gay Street",40.73371,-74.00034
"Gansevoort & Washington",40.73937,-74.00806
"Fulton St",40.70782,-74.00432
"Fulton & William",40.70956,-74.00642
"Fresh Bites, 57th & 6th",40.7643,-73.97721
"Food for Health, 3rd between 92nd & 93rd",40.782925,-73.950985
"Food Emporium, 49th & 8th",40.76166,-73.9866
"Fairway, 74th & Broadway",40.78023,-73.98143
"Fairway Market, 74th & Broadway",40.78023,-73.98143
"Europa Cafe, 43rd & 7th",40.75671,-73.98648
"Essex & Delancey",40.71863,-73.98816
"Equinox, 92nd & Broadway",40.79204,-73.97356
"Elevator, Worth & Church",40.71706,-74.00622
"Elevator, Madison & 26th",40.74275,-73.98659
"Elevator, Lexington between 31st & 32nd",40.74479,-73.98089
"Elevator, Hudson & Houston",40.72876,-74.00709
"Elevator, Greenwich & North Moore",40.7201,-74.01014
"Elevator, Columbus between 95th & 96th",40.792505,-73.96777499999999
"Elevator, Broadway & Dey",40.71042,-74.00947
"Elevator, 6th & Spring",40.72555,-74.00453
"Elevator, 5th & 59th",40.76427,-73.97303
"Elevator, 5th & 20th",40.73965,-73.99095
"Elevator, 57th & 10th",40.7691,-73.98859
"Elevator, 54th & 6th",40.76238,-73.9786
"Elevator, 53rd & Madison",40.75973,-73.97422
"Elevator, 53rd & 7th",40.76296,-73.98193
"Elevator, 49th & 6th",40.75925,-73.98089
"Elevator, 42nd & Broadway",40.7558,-73.98643
"Elevator, 29th & 7th",40.74785,-73.99293
"Elevator, 14th Street & 8th Avenue",40.73974,-74.00252
"Elevator, 12th & 5th",40.73467,-73.99459
"El Centrol, 54th & 9th",40.76598,-73.98713
"ESPN Zone, 42nd & Broadway",40.7558,-73.98643
"E 68th & 3rd ave",40.76717,-73.96248
"E 5th & 2nd Ave",40.72678,-73.98899
"Dwight & Dikeman, Red Hook",40.67478,-74.01056
"Dunkin' Donuts, Fulton & Nassau",40.71022,-74.00775
"Dunkin' Donuts, 93rd & 1st",40.78131,-73.94613
"Dunkin' Donuts, 140th & Broadway",40.82322,-73.95264
"Duane Reade, Houston & Broadway",40.72533,-73.99681
"Duane Reade, Broadway between 88th & 89th",40.789835,-73.97516999999999
"Duane Reade, 96th & Broadway",40.79459,-73.97169
"Duane Reade, 62nd & Broadway",40.7706,-73.98227
"Duane Reade, 57th & Broadway",40.76626,-73.98187
"Duane Reade, 57th & 6th",40.7643,-73.97721
"Duane Reade, 53rd & 8th",40.76416,-73.98476
"Duane Reade, 50th & Broadway",40.76144,-73.98408
"Duane Reade, 49th & 9th",40.76286,-73.98943
"Duane Reade, 28th & Park",40.74327,-73.98401
"Duane Reade, 22nd & Park",40.73949,-73.9868
"Duane Reade, 14th & 3rd",40.73328,-73.98719
"Duane Reade, 111th & Broadway",40.80485,-73.96635
"Doctor's office, 67th & Amsterdam",40.77541,-73.98398
"Doctor's Office, 12th between University & Fifth",40.73429,-73.9937
"Dentist's office, 35th & Madison",40.74843,-73.98247
"Deluxe, 113th & Broadway",40.80611,-73.96544
"Deli, Wall & Water",40.70527,-74.00725
"Deli, Broadway between 10th & 11th",40.73209,-73.99137
"Deli, Bleecker & Thompson",40.72841,-73.99967
"Deli, 68th & 3rd",40.76717,-73.96248
"Deli, 53rd & 6th",40.76174,-73.97907
"Deli, 22nd & 6th",40.7422,-73.99328
"Deli, 18th & Broadway",40.73779,-73.99013
"Deli, 14th & 8th",40.73974,-74.00252
"Deli, 13th & 5th",40.73531,-73.99413
"Delancey between Bowery & Chrystie",40.7202,-73.9934
"Delancey & Allen",40.71924,-73.99025
"Dean & Deluca, Broadway & Prince",40.7242,-73.99775
"Dale and Thomas Popcorn, 48th & Broadway",40.76011,-73.98484
"Daily Show studios, 51st & 11th",40.76647,-73.99413
"D'Agostino, 76th & Lexington",40.773,-73.96032
"Crosby & Spring",40.72263,-73.99797
"Cozy Soup & Burger, Broadway between Waverly & 8th",40.730075,-73.99283
"Cosi, Broadway & 75th",40.78106,-73.98142
"Cosi, 76th & Broadway",40.78179,-73.98117
"Cosi, 6th & 42nd",40.75482,-73.98412
"Cosi, 48th between 5th & 6th",40.75796,-73.97973999999999
"Cosi, 31st & Park",40.74519,-73.98279
"Cooper Square",40.72799,-73.99117
"Conway's, 35th Street & Broadway",40.75068,-73.9878
"CompUSA, 57th & Broadway",40.76626,-73.98187
"CompUSA, 37th & 5th",40.75032,-73.98315
"Commerce Bank, 42nd & 9th",40.75841,-73.99265
"Coming out of Avenue Q, 45th & Broadway",40.75798,-73.98561
"Columbus between 89th & 90th",40.78871,-73.970535
"Columbia University Bookstore, 115th &  Broadway",40.80736,-73.96451
"Co-Pilot Shoes, Broadway & Bond",40.7272,-73.99526
"Clinton & Stanton",40.72022,-73.98448
"Clinton & Rivington",40.71908,-73.98506
"Clearview Cinemas, 62nd & 1st",40.76147,-73.9606
"Citibank, 56th & Broadway",40.76546,-73.98202
"Circle in the Square Theater, 50th & Broadway",40.76144,-73.98408
"Cilantro's, 89th & 2nd",40.77979,-73.95031
"Church & Liberty",40.70969,-74.01168
"Chrystie & Grand",40.71815,-73.99385
"Christopher Street",40.73292,-74.00718
"Christopher & Bedford",40.73313,-74.00587
"Christopher & 7th",40.73361,-74.00282
"Chipotle, 44th & 9th",40.75973,-73.99169
"Chelsea Flea Market, 25th & 6th",40.74417,-73.99188
"Chase Manhattan Bank, 15th & 1st",40.73203,-73.98208
"Chase Bank, 73rd & Broadway",40.77959,-73.98185
"Charlton & Hudson",40.72731,-74.00733
"Chambers between Church & Broadway",40.714535,-74.007135
" ",40.714167,-74.006389
" ",40.714167,-74.006389
"Central Park South between 5th & 6th",40.76497500000001,-73.97464
"Central Park South & 6th Avenue",40.76568,-73.97625
"Central Park South & 5th",40.76427,-73.97303
"Catherine & Madison Street",40.71208,-73.99694
"Casanis, Ludlow & Broome",40.71789,-73.98949
" ",40.714167,-74.006389
" ",40.714167,-74.006389
"Carmine's, 91st & broadway",40.79142,-73.97403
"Carmine & 6th",40.73053,-74.00173
"Cardozo School of Law, 12th & 5th",40.73467,-73.99459
"Canal St",40.71833,-74.00042
"Canal & Mott",40.71686,-73.99775
"Canal & Lafayette",40.71843,-74.00055
"Canal & Eldridge",40.71534,-73.9934
"Cafeteria, 32nd & Broadway",40.74828,-73.98819
"Cafe Exchange, Broadway & Exchange Place",40.70682,-74.01249
"Cafe Amore's Pizza, 6th Avenue & West 4th Street",40.73169,-74.00097
"Cab, 75th & 2nd",40.77075,-73.95694
"Cab, 34th & Lexington",40.74639,-73.97972
"CVS, 32nd & 5th",40.74716,-73.98553
"CVS, 23rd & 1st",40.73665,-73.97843
"CUNY Graduate Center, 42nd & 5th",40.75346,-73.9809
"Burger King, 86th & 3rd",40.77881,-73.95398
"Build-A-Bear, 5th & 46th",40.75602,-73.97904
"Brother Jimmy's, 77th & 2nd",40.77201,-73.95601
"Broome & Forsyth",40.71885,-73.99261
" ",40.714167,-74.006389
" ",40.714167,-74.006389
"Broadway between Bleecker & Houston",40.725925000000004,-73.99633
"Broadway between 80th & 81st",40.784805,-73.97916000000001
"Broadway between 11th & 12th",40.732825,-73.99120500000001
"Broadway Theatre, 53rd & Broadway",40.76336,-73.98287
"Broadway Pizza, 27th & Broadway",40.74452,-73.98888
" ",40.714167,-74.006389
"Broadway & West 4th",40.7284,-73.99426
"Broadway & Washington Place",40.83534,-73.94408
"Broadway & W 4th",40.7284,-73.99426
"Broadway & Tiemann",40.81516,-73.95875
"Broadway & Thames",40.75658,-73.98618
"Broadway & Pine",40.70836,-74.01123
"Broadway & Houston",40.72533,-73.99681
"Broadway & Franklin",40.71746,-74.00353
"Broadway & Bond",40.7272,-73.99526
"Broadway & Astor",40.7301,-73.99282
"Broadway & 79th",40.7838,-73.97989
"Broadway & 70th",40.77705,-73.98202
"Broadway & 51st",40.76207,-73.98367
"Broadway & 4th",40.7284,-73.99426
"Broadway & 46th",40.75869,-73.98534
"Broadway & 33rd, Astoria",40.74902,-73.98806
"Broadway & 22nd",40.74057,-73.98942
"Broadway & 172nd",40.84393,-73.93905
"Broadway & 13th",40.73397,-73.99095
"Broadway & 108th",40.80288,-73.96751
"Broadway & 104th",40.79972,-73.96812
"Broadway & 100th",40.79716,-73.96983
"Broadway &  Bleeker",40.72652,-73.99585
"Broadway",40.7985,-73.9691
"Broad & Exchange",40.70682,-74.01249
"Bravo Pizza, 5th between 19th & 20th",40.73936,-73.99116000000001
"Bowery & Stanton",40.72279,-73.99301
"Bowery & Houston",40.72424,-73.99266
"Bowery & Grand",40.71846,-73.99481
"Bowery & Delancey",40.72036,-73.99394
"Bowery & 6th",40.711,-73.96536
"Bowery & 1st",40.7249,-73.9924
"Borders, 57th & Park",40.76155,-73.97068
"Bond & Bowery",40.72566,-73.99214
"Bodega, West 129th & Lenox",40.81028,-73.94358
"Bodega, Houston & 6th",40.72838,-74.00312
"Bodega, Amsterdam & 109th",40.80235,-73.96431
"Bodega, 3rd Avenue & 10th Street",40.73072,-73.98905
"Bodega, 12th & B",40.72809,-73.979
"Blockbuster, 56th & 1st",40.75764,-73.9634
"Bleecker St",40.73014,-74.00237
"Bleecker & West 10th",40.734,-74.00457
"Bleecker & Thompson",40.72841,-73.99967
"Bleecker & Mott",40.72563,-73.99376
"Bleecker & MacDougal",40.72915,-74.0012
"Bleecker & LaGuardia",40.72806,-73.99896
"Bleecker & Grove",40.7329,-74.00398
"Bleecker & 7th",40.73229,-74.00358
"Bleecker & 6th Ave",40.72972,-74.00218
"Bleecker & 6th",40.72972,-74.00218
"Blake & Todd, 45th & Vanderbilt",40.75434,-73.97697
"Best Buy, 86th & Lexington",40.77949,-73.95559
"Ben & Jerry's, 43rd & 8th",40.75791,-73.98931
"Bedford & South 2nd, Williamsburg",40.71109,-73.96345
"Bedford & N 5th",40.71673,-73.95891
"Bedford & N 10th",40.71947,-73.95592
"Bedford & Clymer, Williamsburg",40.71109,-73.96345
"Bedford & Barrow",40.73182,-74.0051
"Beard Papa's, Broadway & Astor",40.7301,-73.99282
"Barnes and Noble, 6th Avenue & 8th Street",40.73362,-73.99955
"Barnes and Noble ladies' room, 48th & 5th",40.75728,-73.97813
"Barnes & Noble, 82nd & Broadway",40.78576,-73.97846
"Barnes & Noble, 81st & Broadway",40.78512,-73.97893
"Barnes & Noble, 6th Avenue & 8th Street",40.73362,-73.99955
"""Barnes & Noble"", 22nd & 6th",40.7422,-73.99328
"Barnes & Noble, 22nd & 6th",40.7422,-73.99328
"Barnes & Noble ladies' room, 22nd & 6th",40.7422,-73.99328
"Bank of America, Chambers & Broadway",40.71416,-74.00632
"Bank & Bleecker",40.73661,-74.00531
"Banc Cafe, 30th & 3rd",40.74319,-73.97996
"Banana Republic, Broadway & Prince",40.7242,-73.99775
"Automatic Slims, Washington  & Bethune",40.73695,-74.00825
"Attorney & Houston",40.72115,-73.98303
"Astor Place & Cooper Square",40.72954,-73.98991
"Astor & Lafayette",40.72984,-73.99141
"Astor & Broadway",40.7301,-73.99282
"Apartment building, Rector & Greenwich",40.70798,-74.0136
"Apartment building, 66th & West End",40.77602,-73.98724
"Angelo's Pizza, 53rd & Broadway",40.76336,-73.98287
"American Burger, 32nd & 6th",40.74849,-73.9887
"Air America studios, 20th & 6th",40.74101,-73.99417
"Abercrombie & Fitch, 56th & 5th",40.76229,-73.97447
"AJ Maxwell's, 48th & 6th",40.75864,-73.98135
"A between 2nd & 3rd",40.72331,-73.98552000000001
"A between 11th & 12th",40.72875500000001,-73.98156
"9th between 37th & 38th",40.755584999999996,-73.9947
"9th between 1st & A",40.72772,-73.98378
"9th Street & 6th Avenue",40.73413,-73.99918
"9th Street & 4th Avenue",40.73055,-73.99049
"9th Street & 2nd Avenue",40.72918,-73.98726
"9th & B",40.72627,-73.98035
"99th & Amsterdam",40.79597,-73.96897
"98th & West End",40.79654,-73.97228
"98th & Madison",40.78851,-73.95321
"97th & Central Park W",40.79237,-73.9642
"97th & 5th",40.78858,-73.95525
"96th & Riverside",40.79603,-73.97502
"96th & Columbus",40.79284,-73.96752
"96th & 1st",40.78319,-73.94476
"95th & 3rd",40.7845,-73.94984
"94th between Broadway & Amsterdam",40.79306,-73.97208499999999
"94th & West End",40.79393,-73.97417
"94th & Park",40.7852,-73.95339
"94th & Lexington",40.78455,-73.9519
"94th & Amsterdam",40.79274,-73.97133
"93rd & Broadway",40.79268,-73.97312
"92nd & Madison",40.78466,-73.95604
"92nd & 3rd",40.78261,-73.95123
"92nd & 2nd",40.78168,-73.94896
"91st & Broadway",40.79142,-73.97403
"91st & 1st",40.78004,-73.94704
"90th between Columbus & Amsterdam",40.78962,-73.97173000000001
"90th & Amsterdam",40.79022,-73.97315
"8th between University & 5th",40.73191,-73.995565
"8th between 51st & 52nd",40.763225,-73.98545
"8th between 47th & 48th",40.760725,-73.987265
"8th between 39th & 40th",40.75563,-73.990985
"8th Street between University & 5th",40.73191,-73.995565
"8th Street & 5th Avenue",40.73224,-73.99636
"8th Street & 4th Avenue",40.73003,-73.9911
"8th & Mercer",40.73094,-73.99326
"8th & Macdougal",40.73292,-73.998
"8th & Greene",40.73126,-73.99403
"8th & 16th",40.74106,-74.00156
"89th & Madison",40.78278,-73.95743
"89th & 2nd",40.77979,-73.95031
"88th & West End",40.79017,-73.97691
"88th & Lexington",40.78078,-73.95463
"88th & Columbus",40.78777,-73.97122
"88th & Amsterdam",40.78897,-73.97408
"88th & 2nd",40.77916,-73.95079
"87th between 3rd & Lexington",40.779825,-73.954285
"87th & Columbus",40.78715,-73.97169
"87th & 1st",40.77754,-73.9489
"86th & York",40.77591,-73.94713
"86th & Madison",40.78085,-73.95883
"86th & Columbus",40.78647,-73.97217
"86th & 1st",40.77687,-73.94939
"85th & Broadway",40.78762,-73.97698
"84th & Park",40.77881,-73.95809
"84th & Amsterdam",40.78637,-73.976
"83rd & Broadway",40.78638,-73.97797
"83rd & 2nd",40.77591,-73.95318
"82nd & Lexington",40.77689,-73.95748
"82nd & 5th",40.77894,-73.96233
"82nd & 2nd",40.77527,-73.95365
"81st between Central Park West & Columbus",40.782650000000004,-73.97313
"81st & Columbus",40.78324,-73.97456
"81st & Broadway",40.78512,-73.97893
"81st & 5th",40.77831,-73.96279
"81st & 2nd",40.77464,-73.95411
"80th between 1st & 2nd",40.773515,-73.953375
"80th & East End",40.77106,-73.94759
"80th & 3rd",40.77494,-73.95681
"7th between A & B",40.725555,-73.98237
"7th between 42nd & 43rd",40.756365,-73.986725
"7th between 40th & 41st",40.755044999999996,-73.987685
"7th Street & 1st Avenue",40.72698,-73.98577
"7th Avenue & 13th Street",40.73785,-74.0002
"7th Ave & Greenwich",40.73654,-74.00111
"7th & Leroy",40.73032,-74.0047
"7th & Charles",40.73506,-74.002
"7th & C",40.72407,-73.97886
"7B, Avenue B",40.721753,-73.98363
"79th between 2nd & 3rd",40.7738,-73.956175
"79th & Lexington",40.77495,-73.95892
"79th & Amsterdam",40.78314,-73.97833
"79th & 1st",40.77233,-73.9527
"78th & Madison",40.77563,-73.96263
"78th & Lexington",40.77427,-73.9594
"78th & Columbus",40.78127,-73.97599
"78th & 5th",40.77631,-73.96424
"78th & 2nd",40.77265,-73.95555
"78th & 1st",40.77165,-73.95318
"77th & Park",40.77436,-73.96158
"77th & Columbus",40.78064,-73.97644
"76th & Lexington",40.773,-73.96032
"76th & 2nd",40.77138,-73.95648
"75th & York",40.7688,-73.95231
"75th & Park",40.77309,-73.96251
"75th & Broadway",40.78106,-73.98142
"75th & Amsterdam",40.78055,-73.98022
"75th & 3rd",40.77169,-73.95918
"74th & Broadway",40.78023,-73.98143
"74th & Amsterdam",40.77992,-73.98069
"74th & 3rd",40.77105,-73.95964
"72nd between Columbus & Amsterdam",40.777995,-73.980225
"72nd between Amsterdam & Columbus",40.777995,-73.980225
"72nd & West End",40.7798,-73.9845
"71st between 2nd & 3rd",40.768600000000006,-73.960005
"71st & Broadway",40.77786,-73.98199
"71 Irving Place Coffee & Tea Bar",40.736722,-73.986773
"70th between 2nd & 3rd",40.767965000000004,-73.960465
"70th & Madison",40.77047,-73.96638
"70th & Amsterdam",40.7773,-73.98261
"70th & 3rd",40.76844,-73.9616
"7/11, 82nd & 3rd",40.77621,-73.95587
"7-11, East 23rd Street",40.74925,-74.007964
"6th between B & C",40.723985,-73.98045
"6th between A & B",40.724965,-73.98279500000001
"6th between 55th & 56th",40.763315,-73.97792
"6th between 1st & A",40.725930000000005,-73.985085
"6th Street between 1st and 2nd",40.72739,-73.98855
"6th Street & 1st Avenue",40.72641,-73.9862
"6th St & 1st Ave",40.72641,-73.9862
"6th Avenue & West 4th Street",40.73169,-74.00097
"6th Avenue & Greenwich",40.73362,-73.99955
"6th Ave & W 4th St",40.73169,-74.00097
"6th Ave & 14th St, Gowanus, Brooklyn",40.73735,-73.99685
"6th Ave & 12th St",40.73601,-73.99781
"6th & W 18th",40.73983,-73.99502
"6th & Spring",40.72555,-74.00453
"6th & Houston",40.72838,-74.00312
"6th & Christopher",40.73413,-73.99918
"6th & 53rd",40.76174,-73.97907
"6th & 23rd",40.74287,-73.99278
"69th & Broadway",40.77632,-73.98226
"69th & 2nd",40.76687,-73.95978
"68th & York",40.76427,-73.95561
"68th & Broadway",40.77552,-73.9823
"68th & 2nd",40.76623,-73.96023
"67th & Lexington",40.76722,-73.96453
"67th & Amsterdam",40.77541,-73.98398
"67th & 5th",40.76925,-73.9694
"67th & 2nd",40.7656,-73.96067
"66th between Columbus & Central Park West",40.772994999999995,-73.980175
"66th & Columbus",40.77359,-73.9816
"65th & Park",40.76662,-73.96695
"65th & Madison",40.76733,-73.96868
"65th & 1st",40.76335,-73.95924
"64th & Park",40.76599,-73.96743
"64th & 3rd",40.76467,-73.9643
"63rd and York",40.76116,-73.95788
"63rd & Madison",40.76608,-73.96958
"63rd & 5th",40.76673,-73.97121
"63rd & 3rd",40.76405,-73.96476
"63rd & 1st",40.7621,-73.96015
"62nd & Lexington",40.76409,-73.96681
"62nd & Columbus",40.7711,-73.98342
"61st & Madison",40.76483,-73.9705
"61st & 5th",40.76551,-73.97211
"60th & 3rd",40.76216,-73.96612
"60th & 1st",40.76022,-73.96153
"5th between 49th & 50th",40.758215,-73.977455
"5th between 19th & 20th",40.73936,-73.99116000000001
"5th between 17th & 18th",40.738185,-73.992005
"5th Street & 1st Avenue",40.72579,-73.98665
"5th Avenue & 11th Street",40.73403,-73.99506
"5th Ave & E 39th",40.75155,-73.98226
"5th Ave & 9th St",40.73284,-73.99592
"5th & C",40.72289,-73.97972
"5th & B",40.72387,-73.98207
"5th & A",40.72485,-73.9844
"5th & 16th",40.73731,-73.99266
"59th & 1st",40.7596,-73.96197
"58th & Madison",40.76295,-73.97186
"58th & 8th",40.76738,-73.98235
"58th & 7th",40.76621,-73.97958
"58th & 6th",40.765,-73.97672
"58th & 5th",40.76363,-73.9735
"58th & 3rd",40.76089,-73.96696
"57th between Park & Madison",40.761905,-73.97151500000001
"57th between Broadway & 7th",40.765885,-73.98096000000001
"57th and 3rd",40.76021,-73.96745
"57th & Sutton",40.75736,-73.96069
"57th & Madison",40.76226,-73.97235
"57th & Lexington",40.76091,-73.96914
"57th & 7th",40.76551,-73.98005
"56th st. between 7th Ave & Broadway",40.765155,-73.981285
"56th between 5th & 6th",40.76296,-73.97608
"56th & Lexington",40.76024,-73.96963
"56th & Broadway",40.76546,-73.98202
"56th & 9th",40.76722,-73.98622
"56th & 8th",40.76603,-73.98337
"55th between Park & Madison",40.760615,-73.972455
"55th between 6th & 7th",40.76361,-73.979575
"55th & Lexington",40.75962,-73.9701
"55th & 8th",40.76541,-73.98383
"55th & 7th",40.76422,-73.981
"55th & 5th",40.76164,-73.97492
"55th & 3rd",40.75895,-73.96848
"55th & 1st",40.75701,-73.96385
"54th & Lexington",40.759,-73.97055
"54th & 7th",40.76359,-73.98147
"53rd between 5th & 6th",40.761070000000004,-73.97746
"53rd & Park",40.75902,-73.97254
"53rd & Madison",40.75973,-73.97422
"53rd & 1st",40.75574,-73.96478
"52nd between 8th & Broadway",40.763125,-73.98424
"52nd between 6th & 7th",40.761735,-73.98095
"52nd between 2nd & 3rd",40.75659,-73.96873
"52nd & Madison",40.75911,-73.97467
"52nd & Lexington",40.75774,-73.97145
"52nd & Broadway",40.76271,-73.98326
"52nd & 3rd",40.75706,-73.96985
"52nd & 10th",40.76593,-73.9909
"51st between 9th & 10th",40.764700000000005,-73.989935
"51st & Park",40.75778,-73.97346
"51st & Madison",40.75847,-73.97513
"51st & 8th",40.76291,-73.98568
"51st & 5th",40.75915,-73.97677
"51st & 2nd",40.7555,-73.96807
"50th between 8th & 9th",40.762879999999996,-73.987565
"50th between 6th & 7th",40.760490000000004,-73.981855
"50th between 5th & 6th",40.759209999999996,-73.978835
"50th St & 6th Ave",40.75989,-73.98044
"50th & Park",40.75714,-73.97392
"50th & 7th",40.76109,-73.98327
"50th & 11th",40.76585,-73.9946
"4th between B & C",40.722765,-73.981335
"4th Street & 7th Avenue",40.73361,-74.00282
"4th Street & 6th Avenue",40.73169,-74.00097
"4th Street & 2nd Avenue",40.72618,-73.98943
"4th St & 1st Ave",40.72518,-73.98706
"4th Avenue between 11th & 12th",40.73235,-73.990125
"4th Avenue & 8th Street",40.73003,-73.9911
"4th & Mercer",40.7288,-73.99506
"49th between Broadway & 8th",40.761224999999996,-73.98554
"49th & 10th",40.76405,-73.99227
"48th & Park",40.75589,-73.97483
"48th & Broadway",40.76011,-73.98484
"48th & 9th",40.76223,-73.98989
"48th & 8th",40.76104,-73.98704
"48th & 7th",40.75985,-73.98421
"48th & 5th",40.75728,-73.97813
"47th between Broadway & 8th",40.759905,-73.986295
"47th between 2nd & 3rd",40.75346,-73.97102000000001
"47th St & 21st Ave, Astoria",40.7439,-73.94876
"47th & Madison",40.75598,-73.97698
"47th & Avenue of the Americas",40.75801,-73.98181
"47th & 9th",40.7616,-73.99033
"47th & 6th",40.75801,-73.98181
"46th between Broadway & 8th",40.759235000000004,-73.986645
"46th & Vanderbilt",40.75497,-73.97653
"46th & Madison Ave.",40.75536,-73.97745
"46th & 3rd",40.7533,-73.97259
"46th & 10th",40.76216,-73.99363
"46 & 8th",40.738275,-74.003951
"45th between Broadway & 8th",40.758565000000004,-73.98701
"45th between 8th & 9th",40.75975,-73.989825
"45th Street 7th & 8th",40.75915,-73.98841
"45th & Vanderbilt",40.75434,-73.97697
"45th & Madison",40.75473,-73.9779
"45th & 9th",40.76035,-73.99124
"45th & 7th",40.75793,-73.9855
"45th & 10th",40.76154,-73.9941
"44th between Lexington & 3rd",40.7524,-73.974305
"44th between 7th & 8th",40.75792,-73.98743999999999
"44th & 5th",40.75477,-73.97994
"44th & 2nd",40.75111,-73.97125
"43rd between 8th & 9th",40.7585,-73.99073
"43rd & 6th",40.7555,-73.98364
"43rd & 5th",40.75414,-73.9804
"42nd & Lexington",40.75142,-73.97605
"42nd & 3rd",40.75075,-73.97446
"41st & Lexington",40.75077,-73.97653
"41st & 9th",40.75785,-73.99308
"41st & 3rd",40.75009,-73.97494
"40th between 7th & 8th",40.755340000000004,-73.98933
"40th between 6th & 7th",40.75414,-73.986475
"40th between 5th & 6th",40.752865,-73.983435
"40th & Broadway",40.75432,-73.98688
"40th & 9th",40.75714,-73.9936
"40th & 7th",40.75474,-73.9879
"40th & 6th",40.75354,-73.98505
"3rd between 57th & 58th",40.76055,-73.967205
"3rd between 12th & 13th",40.732275,-73.98792499999999
"3rd Street & 6th Avenue",40.73105,-74.00142
"3rd Avenue between 12th & 13th",40.732275,-73.98792499999999
"3rd Avenue & 12th Street",40.73195,-73.98816
"3rd Ave between 11th & 12th",40.731629999999996,-73.98839
"3rd Ave & 9th St",40.73014,-73.98948
"3rd Ave & 19th St",40.73637,-73.98495
"3rd & Thompson",40.72967,-73.99862
"3rd & Sullivan",40.73005,-73.99936
"3rd & St. Marks",40.72954,-73.98991
"3rd & Bowery",40.72635,-73.99174
"3rd & B",40.72266,-73.98296
"3rd & A",40.72363,-73.98528
"39th between 5th & 6th",40.752235,-73.983875
"39th & Madison",40.75088,-73.98068
"39th & 8th",40.75532,-73.99121
"38th between 7th & 8th",40.754104999999996,-73.990235
"38th & Park",40.74962,-73.97957
"38th & 8th",40.7547,-73.99166
"38th & 7th",40.75351,-73.98881
"38th & 6th",40.75229,-73.98595
"37th & 3rd",40.74761,-73.97673
"36th & 5th",40.7497,-73.98363
"35th between 8th & 9th",40.753445,-73.994405
"35th St & 23rd Ave, Astoria",40.77309,-73.91109
"35th & Lexington",40.74705,-73.97924
"35th & 6th",40.75046,-73.98729
"34th between Lexington & Madison",40.747065,-73.981335
"34th between 8th & 9th",40.752775,-73.994895
"34th between 6th & 7th",40.750375000000005,-73.989215
"34th & Madison",40.74774,-73.98295
"34th & Lexington",40.74639,-73.97972
"34th & 9th",40.75337,-73.99631
"34th & 6th",40.74978,-73.9878
"34th & 2nd",40.74478,-73.9759
"34th & 1st",40.74377,-73.97353
"34th & 10th",40.75458,-73.99915
"33rd and 8th",40.75151,-73.99395
"33rd & Broadway",40.74902,-73.98806
"33rd & 5th",40.74777,-73.98505
"33rd & 3rd",40.74506,-73.97863
"33rd & 1st",40.74308,-73.97403
"32nd between Madison & Park",40.746134999999995,-73.983125
"32nd between 6th & 7th",40.749095,-73.99013
"32nd & Park",40.74581,-73.98235
"32nd & 3rd",40.74443,-73.97906
"31st between 7th & 8th",40.749695,-73.993465
"31st & Park",40.74519,-73.98279
"31st & Lexington",40.74448,-73.98112
"31st & Ditmars, Astoria",40.77612,-73.91075
"31st & Broadway",40.74754,-73.98834
"31st & 3rd",40.7438,-73.97952
"30th Pl & Thomson Ave, Long Island City",40.7451,-73.93641
"30th & Broadway",40.74677,-73.98846
"30th & 8th",40.74968,-73.99532
"30th & 5th",40.7459,-73.98642
"30th & 3rd",40.74319,-73.97996
"2x4, 2nd Ave & 4th St",40.72618,-73.98943
"2nd between A & B",40.722505,-73.984605
"2nd Avenue between 7th & St Marks",40.728275,-73.98791
"2nd Avenue between 6th & 7th",40.72768,-73.98834
"2nd Avenue between 51st & 52nd",40.75581,-73.96784
"2nd Avenue & 5th Street",40.72678,-73.98899
"2nd Avenue & 13th Street",40.73165,-73.98544
"2nd Avenue & 10th Street",40.72977,-73.98681
"2nd Ave, between 4th & 5th",40.726479999999995,-73.98921
"2nd Ave & 10th Street",40.72977,-73.98681
"2nd & 1st",40.72426,-73.99082
"29th & 6th",40.74665,-73.99007
"29th & 3rd",40.74257,-73.9804
"29th & 10th",40.75143,-74.00145
"28th & Broadway",40.74528,-73.98872
"28th & 5th",40.74467,-73.9873
"28th & 3rd",40.74196,-73.98086
"28th & 10th, Crobar",40.75083,-74.00189
"28th & 10th",40.75083,-74.00189
"27th between 5th & Madison",40.743705,-73.98694
"27th between 5th & 6th",40.744725,-73.98936
"27th & 9th",40.77396,-73.93102
"27th & 5th",40.74404,-73.98774
"27 & 3rd",40.730034,-73.989551
"26th between Park & Madison",40.742395,-73.985765
"26th between 5th & 6th",40.74411,-73.98981
"26th & Madison",40.74275,-73.98659
"26th & Lexington",40.74138,-73.98336
"25th between 6th & Broadway",40.74359,-73.99051
"25th between 10th & 11th",40.749565,-74.00467
"25th & Park",40.74143,-73.98538
"25th & 7th",40.74537,-73.99472
"25th & 6th",40.74417,-73.99188
"25th & 2nd",40.73916,-73.97997
"24th Ave & 29th St, Astoria",40.77299,-73.91642
"24th & Lexington",40.74016,-73.98426
"24th & Broadway",40.74229,-73.98925
"24th & 9th",40.74714,-74.00085
"24 Prince, Prince Street",40.722884,-73.994567
"23rd between Park & Madison",40.740505,-73.987165
"23rd between 8th & 9th",40.745875,-73.999915
"23rd & Broadway",40.7414,-73.98928
"23rd & 9th",40.74647,-74.00133
"23rd & 7th",40.74408,-73.99567
"23rd & 2nd",40.73787,-73.9809
"23rd & 10th",40.74768,-74.00418
"231st & Broadway",40.87882,-73.90487
"22nd & 9th",40.74581,-74.00182
"22nd & 8th",40.74462,-73.99899
"22nd & 3rd",40.73815,-73.98366
"22nd & 11th",40.74817,-74.00741
"21st between 7th & 8th",40.743395,-73.99801500000001
"21st between 6th & 7th",40.74219,-73.99517
"21st between 5th & 6th",40.74092,-73.992135
"21st & 9th",40.74519,-74.00228
"20th between 8th & 9th",40.74401,-74.00127499999999
"20th & 8th",40.74341,-73.99986
"20th & 5th",40.73965,-73.99095
"1st Street between 1st and A",40.72229,-73.98627
"1st Avenue between 10th & 11th",40.729074999999995,-73.984235
"1st Avenue & 7th Street",40.72698,-73.98577
"1st Avenue & 5th Street",40.72579,-73.98665
"1st Avenue & 3rd Street",40.72458,-73.98749
"1st Ave between 11th & 12th",40.729695,-73.98379
"1st Ave & 11th",40.72938,-73.98402
"1st & 87th",40.77754,-73.9489
"19th between 6th & 7th",40.741025,-73.996015
"19th & Irving",40.73705,-73.98653
"19th & 7th",40.74162,-73.99744
"18th between 6th & 7th",40.740435,-73.99645
"18th between 10th & 11th",40.745270000000005,-74.007305
"18th & Irving",40.73645,-73.98697
"18th & Broadway",40.73779,-73.99013
"18th & 7th",40.74104,-73.99788
"18th & 3rd",40.73579,-73.98537
"18th & 10th",40.74463,-74.00638
"187th & Ft. Washington",40.85514,-73.93688
"1849, Bleecker Street",40.736886,-74.005538
"183rd & Fort Washington",40.85212,-73.93783
"181st between Broadway & Fort Washington",40.850545,-73.93703500000001
"181st & Broadway",40.85017,-73.93576
"17th & 9th",40.74284,-74.00397
"17th & 7th",40.74045,-73.99831
"17th & 6th",40.73926,-73.99544
"17th & 5th",40.73789,-73.99222
"16th between 5th & 6th",40.737989999999996,-73.994265
"16th & 8th",40.74106,-74.00156
"16th & 7th",40.73987,-73.99875
"16th & 5th",40.73731,-73.99266
"16th & 10th",40.74346,-74.00725
"169th & Broadway",40.84172,-73.93944
"165th & Broadway",40.83913,-73.94107
"15th between 6th & 7th",40.73863,-73.997785
"15th & Irving",40.73464,-73.98829
"15th & 2nd",40.73303,-73.98444
"15th & 1st",40.73203,-73.98208
"157th & Broadway",40.83426,-73.94521
"14th between 7th & 8th",40.73914499999999,-74.00111000000001
"14th between 3rd & 4th",40.733850000000004,-73.98855
"14th Street between 9th & 10th",40.74147,-74.006685
"14th & 8th",40.73974,-74.00252
"14th & 10th",40.74208,-74.00819
"14th &  A",40.73041,-73.98036
"149th & Amsterdam",40.82775,-73.94575
"145th & St. Nicholas",40.82402,-73.94477
"145th & Broadway",40.82646,-73.95054
"142nd & Convent",40.82275,-73.94766
"140th & Broadway",40.82322,-73.95264
"13th between 5th & 6th",40.735985,-73.995735
"13th between 3rd & 4th",40.735985,-73.99575
"13th between 1st & 2nd",40.73115,-73.984265
"13th Street & 9th Avenue",40.74024,-74.00586
"13th & University",40.73452,-73.99227
"13th & B",40.72874,-73.97853
"13th & 7th",40.73785,-74.0002
"135th & 5th",40.81273,-73.93766
"132nd between Lenox & 7th",40.812745,-73.943635
"13 & Broadway",40.705392,-74.013722
"12th between A & B",40.728585,-73.980165
"12th between 5th & 6th",40.73534,-73.9962
"12th between 2nd & 3rd",40.73148,-73.98703499999999
"12th Street between 5th & 6th",40.73534,-73.9962
"12th Street & 5th Avenue",40.73467,-73.99459
"12th Street & 3rd Avenue",40.73195,-73.98816
"12th St. between 7th & 8th Ave, Park Slope",40.73737,-74.00271000000001
"12th & Broadway",40.7332,-73.99113
"12th & 8th",40.73753,-74.00478
"12th & 7th",40.73721,-74.00064
"129th & Lenox",40.81028,-73.94358
"126th & Lenox",40.80842,-73.94494
"125th/Saint Nicholas station",40.816541,-73.95001
"125th & St. Nicholas",40.81076,-73.95261
"125th & Lenox",40.80773,-73.94543
"125th & Frederick Douglass",40.81015,-73.95118
"125th & Broadway",40.81551,-73.95825
"125th & 7th Ave",40.80893,-73.94825
"124th & St. Nicholas",40.8101,-73.9531
"123rd & Lexington",40.80305,-73.93838
"123rd & Lenox",40.80649,-73.94652
"122nd & Amsterdam",40.81062,-73.95827
"121st & Amsterdam",40.80998,-73.95873
"121st & 3rd",40.80113,-73.9377
"120th between 1st & Pleasant",40.798095,-73.93239
"120th & Amsterdam",40.80932,-73.95923
"11th between 52nd & 53rd",40.767405,-73.99343999999999
"11th between 3rd & 4th",40.73375,-73.99607499999999
"11th between 1st & A",40.728905,-73.982905
"11th Street between 5th & 6th",40.734705,-73.99666500000001
"11th Street & 4th Avenue",40.73196,-73.99022
"11th Street & 1st Avenue",40.72938,-73.98402
"11th St & 2nd Ave",40.73037,-73.98637
"11th & Greenwich",40.73571,-74.00681
"11th & A",40.72843,-73.98179
"11th & 3rd",40.73131,-73.98862
"11th & 2nd",40.73037,-73.98637
"119th & 2nd",40.79893,-73.93637
"116th and Lexington",40.7986,-73.9416
"116th & Lenox",40.80196,-73.94962
"116th & Frederick Douglass",40.80441,-73.95538
"116th & Amsterdam",40.80681,-73.96107
"116th & 2nd",40.79699,-73.93779
"116 & Broadway",40.708511,-74.011108
"114th & Amsterdam",40.8055,-73.96203
"113th and Amsterdam",40.80487,-73.96249
"112th & Amsterdam",40.80424,-73.96295
"111th between Broadway & Amsterdam",40.804235000000006,-73.964875
"110th & Frederick Douglass",40.80071,-73.95847
"110th & Amsterdam",40.80296,-73.96389
"10th between University & Broadway",40.732225,-73.99264
"10th between 4th & Broadway",40.731505,-73.99092
"10th Street between 3rd & 4th",40.732479999999995,-73.996015
"10th Street & 5th Ave",40.73342,-73.9955
"10th St between 1st & A",40.7283,-73.98334
"10th St & 4th Ave",40.73424,-74.00298
"10th St & 3rd Ave",40.73072,-73.98905
"10th & Hudson",40.73373,-74.00629
"10th & C",40.72588,-73.97754
"109th & Amsterdam",40.80235,-73.96431
"108th & Columbus",40.80053,-73.96193
"105th & Madison",40.79292,-73.94999
"105th & Amsterdam",40.79973,-73.96622
"104th & Broadway",40.79972,-73.96812
"103rd & Broadway",40.79906,-73.96846
"1020 Bar, Amsterdam Avenue",40.688471,-74.023886
"1020 Bar, 110th & Amsterdam",40.80296,-73.96389